,code_insee,Football (1-13) H,Football (14-20) H,Football (21-55) H,Football (56-99) H,Tennis (1-13) H,Tennis (14-20) H,Tennis (21-55) H,Tennis (56-99) H,Basketball (1-13) H,Basketball (14-20) H,Basketball (21-55) H,Basketball (56-99) H,Judo (1-13) H,Judo (14-20) H,Judo (21-55) H,Judo (56-99) H,Handball (1-13) H,Handball (14-20) H,Handball (21-55) H,Handball (56-99) H,Golf (1-13) H,Golf (14-20) H,Golf (21-55) H,Golf (56-99) H,Natation (1-13) H,Natation (14-20) H,Natation (21-55) H,Natation (56-99) H,Rugby (1-13) H,Rugby (14-20) H,Rugby (21-55) H,Rugby (56-99) H,Football (1-13) F,Football (14-20) F,Football (21-55) F,Football (56-99) F,Tennis (1-13) F,Tennis (14-20) F,Tennis (21-55) F,Tennis (56-99) F,Basketball (1-13) F,Basketball (14-20) F,Basketball (21-55) F,Basketball (56-99) F,Judo (1-13) F,Judo (14-20) F,Judo (21-55) F,Judo (56-99) F,Handball (1-13) F,Handball (14-20) F,Handball (21-55) F,Handball (56-99) F,Golf (1-13) F,Golf (14-20) F,Golf (21-55) F,Golf (56-99) F,Natation (1-13) F,Natation (14-20) F,Natation (21-55) F,Natation (56-99) F,Rugby (1-13) F,Rugby (14-20) F,Rugby (21-55) F,Rugby (56-99) F,Licences_Football,Licences_Tennis,Licences_Basketball,Licences_Judo,Licences_Handball,Licences_Golf,Licences_Natation,Licences_Rugby
0,01,9233.0,3814.0,7215.0,606.0,3540.0,1088.0,3282.0,801.0,1843.0,724.0,1045.0,89.0,2442.0,226.0,396.0,79.0,914.0,536.0,607.0,44.0,363.0,221.0,1771.0,1636.0,856.0,166.0,301.0,69.0,1688.0,926.0,1731.0,211.0,869.0,459.0,787.0,69.0,1410.0,446.0,1445.0,337.0,1201.0,438.0,540.0,42.0,1080.0,114.0,189.0,43.0,462.0,288.0,338.0,14.0,147.0,51.0,522.0,784.0,1001.0,180.0,310.0,162.0,137.0,108.0,249.0,30.0,23052.0,12349.0,5922.0,4569.0,3203.0,5495.0,3045.0,5080.0
1,02,5575.0,3008.0,7921.0,768.0,1336.0,496.0,1332.0,321.0,953.0,502.0,547.0,54.0,2127.0,218.0,406.0,125.0,514.0,307.0,356.0,27.0,82.0,51.0,366.0,454.0,629.0,127.0,165.0,44.0,352.0,206.0,554.0,72.0,612.0,363.0,733.0,75.0,744.0,207.0,546.0,85.0,459.0,144.0,185.0,21.0,1206.0,139.0,337.0,88.0,311.0,256.0,203.0,6.0,25.0,15.0,78.0,189.0,689.0,128.0,213.0,148.0,49.0,38.0,98.0,9.0,19055.0,5067.0,2865.0,4646.0,1980.0,1260.0,2143.0,1378.0
2,03,3572.0,2048.0,5277.0,732.0,1054.0,386.0,1269.0,413.0,711.0,321.0,386.0,46.0,843.0,89.0,118.0,56.0,248.0,178.0,242.0,18.0,79.0,28.0,330.0,732.0,652.0,90.0,182.0,67.0,674.0,336.0,901.0,144.0,447.0,315.0,682.0,81.0,476.0,174.0,608.0,151.0,415.0,157.0,204.0,20.0,365.0,55.0,92.0,29.0,132.0,176.0,197.0,8.0,31.0,13.0,92.0,359.0,701.0,124.0,242.0,197.0,57.0,47.0,102.0,12.0,13154.0,4531.0,2260.0,1647.0,1199.0,1664.0,2255.0,2273.0
3,04,1489.0,644.0,1088.0,112.0,768.0,199.0,664.0,220.0,279.0,88.0,86.0,4.0,565.0,83.0,143.0,72.0,253.0,191.0,128.0,15.0,81.0,41.0,241.0,373.0,265.0,39.0,43.0,15.0,281.0,113.0,298.0,32.0,117.0,50.0,153.0,17.0,356.0,61.0,348.0,111.0,119.0,16.0,51.0,8.0,345.0,35.0,117.0,43.0,96.0,81.0,83.0,5.0,29.0,9.0,61.0,177.0,238.0,31.0,50.0,30.0,19.0,5.0,39.0,12.0,3670.0,2727.0,651.0,1403.0,852.0,1012.0,711.0,799.0
4,05,1108.0,421.0,594.0,60.0,691.0,166.0,429.0,126.0,264.0,80.0,75.0,8.0,632.0,56.0,99.0,27.0,289.0,162.0,157.0,14.0,14.0,15.0,186.0,234.0,302.0,50.0,82.0,27.0,261.0,98.0,211.0,36.0,101.0,39.0,99.0,7.0,369.0,65.0,195.0,49.0,107.0,20.0,35.0,1.0,256.0,19.0,49.0,12.0,115.0,90.0,96.0,2.0,4.0,3.0,39.0,101.0,399.0,70.0,114.0,37.0,38.0,23.0,52.0,5.0,2429.0,2090.0,590.0,1150.0,925.0,596.0,1081.0,724.0
5,06,11558.0,4665.0,6246.0,749.0,8285.0,1866.0,4635.0,1985.0,2706.0,1342.0,1150.0,114.0,4041.0,446.0,620.0,198.0,2053.0,1175.0,1103.0,116.0,615.0,285.0,2783.0,4454.0,3458.0,490.0,707.0,278.0,1008.0,373.0,1156.0,132.0,1153.0,490.0,599.0,69.0,4300.0,689.0,1864.0,835.0,1079.0,387.0,417.0,51.0,1612.0,145.0,300.0,127.0,858.0,485.0,665.0,50.0,251.0,87.0,775.0,2335.0,3321.0,579.0,1183.0,1027.0,50.0,90.0,143.0,8.0,25529.0,24459.0,7246.0,7489.0,6505.0,11585.0,11043.0,2960.0
6,07,3744.0,1934.0,3619.0,300.0,1161.0,372.0,1198.0,361.0,714.0,317.0,500.0,55.0,896.0,79.0,162.0,44.0,555.0,328.0,488.0,58.0,36.0,45.0,268.0,404.0,500.0,78.0,160.0,49.0,966.0,553.0,1449.0,236.0,437.0,304.0,458.0,29.0,605.0,159.0,609.0,191.0,583.0,268.0,287.0,32.0,442.0,43.0,116.0,29.0,320.0,236.0,276.0,17.0,18.0,11.0,68.0,185.0,516.0,76.0,302.0,213.0,133.0,96.0,236.0,27.0,10825.0,4656.0,2756.0,1811.0,2278.0,1035.0,1894.0,3696.0
7,08,3031.0,1697.0,4587.0,485.0,537.0,191.0,735.0,182.0,514.0,195.0,296.0,38.0,517.0,78.0,138.0,39.0,234.0,157.0,174.0,21.0,11.0,6.0,104.0,189.0,855.0,106.0,115.0,33.0,153.0,69.0,155.0,16.0,335.0,220.0,406.0,51.0,248.0,86.0,251.0,55.0,266.0,70.0,122.0,10.0,242.0,47.0,97.0,19.0,127.0,126.0,89.0,7.0,3.0,1.0,26.0,56.0,882.0,114.0,213.0,190.0,14.0,9.0,10.0,1.0,10812.0,2285.0,1511.0,1177.0,935.0,396.0,2508.0,427.0
8,09,1300.0,658.0,1541.0,141.0,580.0,187.0,555.0,155.0,340.0,162.0,138.0,15.0,555.0,51.0,85.0,29.0,241.0,167.0,229.0,22.0,44.0,11.0,180.0,262.0,370.0,55.0,42.0,10.0,712.0,528.0,1299.0,246.0,245.0,170.0,183.0,16.0,293.0,109.0,254.0,73.0,185.0,117.0,115.0,17.0,360.0,36.0,115.0,17.0,223.0,160.0,168.0,4.0,15.0,9.0,51.0,96.0,447.0,48.0,96.0,27.0,94.0,100.0,159.0,37.0,4254.0,2206.0,1089.0,1248.0,1214.0,668.0,1095.0,3175.0
9,10,3337.0,1489.0,2982.0,312.0,1014.0,337.0,953.0,231.0,536.0,267.0,219.0,17.0,909.0,94.0,153.0,57.0,458.0,262.0,319.0,31.0,48.0,23.0,259.0,417.0,227.0,64.0,92.0,38.0,262.0,121.0,176.0,15.0,308.0,146.0,313.0,38.0,518.0,139.0,400.0,81.0,223.0,61.0,103.0,12.0,378.0,31.0,76.0,29.0,266.0,139.0,199.0,19.0,17.0,8.0,71.0,187.0,294.0,63.0,94.0,66.0,38.0,29.0,52.0,1.0,8925.0,3673.0,1438.0,1727.0,1693.0,1030.0,938.0,694.0
10,11,3234.0,1426.0,3095.0,253.0,1282.0,415.0,1478.0,406.0,423.0,192.0,192.0,23.0,958.0,132.0,174.0,79.0,684.0,486.0,518.0,52.0,204.0,28.0,281.0,422.0,239.0,48.0,80.0,39.0,1492.0,872.0,2153.0,378.0,385.0,208.0,411.0,26.0,646.0,208.0,625.0,218.0,184.0,56.0,73.0,12.0,465.0,82.0,102.0,37.0,397.0,263.0,305.0,12.0,158.0,7.0,61.0,182.0,247.0,67.0,203.0,462.0,203.0,184.0,246.0,25.0,9038.0,5278.0,1155.0,2029.0,2717.0,1343.0,1385.0,5553.0
11,12,3402.0,1939.0,4219.0,479.0,738.0,233.0,720.0,230.0,533.0,190.0,264.0,25.0,812.0,74.0,125.0,43.0,495.0,402.0,475.0,46.0,35.0,40.0,258.0,322.0,518.0,75.0,125.0,30.0,958.0,517.0,1127.0,189.0,454.0,379.0,581.0,40.0,371.0,125.0,310.0,90.0,642.0,174.0,238.0,18.0,350.0,39.0,142.0,18.0,391.0,339.0,295.0,13.0,11.0,10.0,46.0,111.0,501.0,107.0,138.0,42.0,123.0,196.0,194.0,9.0,11493.0,2817.0,2084.0,1603.0,2456.0,833.0,1536.0,3313.0
12,13,22062.0,8497.0,11011.0,1437.0,11405.0,2872.0,9548.0,2653.0,3991.0,1797.0,1946.0,152.0,6138.0,695.0,1063.0,330.0,4545.0,2565.0,2686.0,257.0,685.0,380.0,3734.0,5654.0,2727.0,518.0,1729.0,477.0,3281.0,1184.0,3113.0,422.0,2009.0,921.0,1210.0,113.0,5036.0,1071.0,3951.0,1079.0,1485.0,577.0,831.0,80.0,2377.0,262.0,477.0,108.0,1823.0,1128.0,1317.0,91.0,261.0,93.0,898.0,2683.0,2856.0,506.0,1773.0,1143.0,278.0,138.0,555.0,37.0,47260.0,37615.0,10859.0,11450.0,14412.0,14388.0,11729.0,9008.0
13,14,7682.0,3857.0,7941.0,644.0,2385.0,925.0,2476.0,736.0,2098.0,1038.0,1143.0,123.0,2736.0,341.0,612.0,136.0,1269.0,819.0,1020.0,66.0,288.0,152.0,1172.0,1976.0,1021.0,267.0,304.0,104.0,402.0,202.0,565.0,55.0,1156.0,614.0,723.0,69.0,912.0,352.0,956.0,249.0,1062.0,490.0,570.0,57.0,1084.0,174.0,612.0,129.0,897.0,854.0,759.0,16.0,105.0,34.0,250.0,844.0,1108.0,281.0,411.0,271.0,51.0,51.0,111.0,1.0,22686.0,8991.0,6581.0,5824.0,5700.0,4821.0,3767.0,1438.0
14,15,1497.0,991.0,2718.0,362.0,384.0,112.0,429.0,107.0,102.0,75.0,80.0,10.0,271.0,45.0,60.0,17.0,218.0,112.0,131.0,10.0,55.0,31.0,195.0,244.0,90.0,29.0,30.0,12.0,758.0,478.0,960.0,111.0,236.0,170.0,306.0,36.0,236.0,73.0,250.0,63.0,132.0,61.0,77.0,6.0,165.0,24.0,48.0,24.0,242.0,151.0,139.0,3.0,23.0,4.0,41.0,98.0,152.0,62.0,55.0,46.0,103.0,123.0,105.0,14.0,6316.0,1654.0,543.0,654.0,1006.0,691.0,476.0,2652.0
15,16,3439.0,1966.0,5179.0,529.0,1111.0,395.0,1317.0,432.0,776.0,369.0,369.0,36.0,1034.0,123.0,205.0,47.0,838.0,488.0,705.0,67.0,102.0,58.0,529.0,756.0,380.0,80.0,114.0,32.0,656.0,338.0,891.0,129.0,357.0,243.0,396.0,81.0,509.0,158.0,462.0,145.0,302.0,72.0,157.0,32.0,527.0,68.0,159.0,17.0,658.0,428.0,567.0,32.0,42.0,13.0,107.0,305.0,397.0,107.0,180.0,70.0,103.0,69.0,139.0,14.0,12190.0,4529.0,2113.0,2180.0,3783.0,1912.0,1360.0,2339.0
16,17,6069.0,2652.0,5729.0,654.0,2409.0,732.0,2464.0,1087.0,1477.0,662.0,727.0,64.0,1892.0,246.0,471.0,152.0,1343.0,854.0,887.0,91.0,213.0,112.0,1175.0,2507.0,647.0,203.0,224.0,76.0,1418.0,703.0,1528.0,246.0,696.0,384.0,506.0,86.0,902.0,314.0,958.0,370.0,640.0,233.0,299.0,35.0,875.0,123.0,382.0,88.0,564.0,499.0,552.0,37.0,76.0,34.0,291.0,1203.0,766.0,215.0,259.0,97.0,142.0,126.0,214.0,36.0,16776.0,9236.0,4137.0,4229.0,4827.0,5611.0,2487.0,4413.0
17,18,3168.0,1535.0,3942.0,517.0,759.0,324.0,1156.0,310.0,649.0,261.0,257.0,37.0,855.0,102.0,189.0,63.0,517.0,344.0,412.0,58.0,103.0,33.0,333.0,510.0,533.0,71.0,130.0,55.0,472.0,242.0,721.0,113.0,341.0,209.0,453.0,63.0,337.0,144.0,476.0,111.0,415.0,123.0,136.0,23.0,384.0,49.0,138.0,40.0,212.0,194.0,214.0,16.0,42.0,17.0,99.0,215.0,560.0,58.0,268.0,194.0,42.0,58.0,138.0,18.0,10228.0,3617.0,1901.0,1820.0,1967.0,1352.0,1869.0,1804.0
18,19,2424.0,1397.0,3378.0,328.0,588.0,189.0,673.0,192.0,326.0,145.0,201.0,23.0,667.0,86.0,159.0,53.0,402.0,280.0,329.0,21.0,105.0,58.0,230.0,428.0,237.0,61.0,87.0,22.0,1055.0,761.0,1932.0,330.0,370.0,288.0,470.0,48.0,286.0,100.0,327.0,83.0,395.0,144.0,215.0,10.0,368.0,45.0,98.0,38.0,321.0,221.0,220.0,5.0,43.0,7.0,49.0,164.0,268.0,57.0,74.0,34.0,116.0,173.0,319.0,31.0,8703.0,2438.0,1459.0,1514.0,1799.0,1084.0,840.0,4717.0
19,21,5182.0,2445.0,4999.0,466.0,1591.0,577.0,1663.0,422.0,1233.0,655.0,766.0,71.0,2617.0,251.0,416.0,100.0,1150.0,742.0,978.0,129.0,179.0,88.0,830.0,1056.0,1372.0,107.0,174.0,63.0,797.0,391.0,1182.0,160.0,658.0,334.0,535.0,45.0,679.0,274.0,640.0,149.0,602.0,207.0,306.0,35.0,1320.0,132.0,342.0,83.0,710.0,480.0,585.0,44.0,48.0,26.0,208.0,513.0,1442.0,136.0,282.0,150.0,82.0,66.0,241.0,20.0,14664.0,5995.0,3875.0,5261.0,4818.0,2948.0,3726.0,2939.0
20,22,8423.0,4829.0,10604.0,1342.0,2067.0,660.0,1663.0,548.0,1282.0,668.0,596.0,55.0,1778.0,224.0,289.0,93.0,891.0,607.0,616.0,41.0,202.0,92.0,727.0,1558.0,496.0,187.0,274.0,129.0,502.0,211.0,681.0,71.0,1327.0,878.0,853.0,159.0,973.0,299.0,699.0,242.0,865.0,373.0,442.0,32.0,690.0,106.0,220.0,53.0,711.0,521.0,529.0,14.0,70.0,28.0,221.0,700.0,615.0,225.0,448.0,320.0,70.0,22.0,127.0,10.0,28415.0,7151.0,4313.0,3453.0,3930.0,3598.0,2694.0,1694.0
21,23,906.0,686.0,1944.0,258.0,459.0,83.0,210.0,86.0,281.0,94.0,181.0,19.0,254.0,45.0,55.0,9.0,78.0,62.0,64.0,2.0,42.0,11.0,75.0,125.0,129.0,6.0,23.0,13.0,115.0,56.0,188.0,28.0,174.0,117.0,361.0,33.0,369.0,47.0,115.0,38.0,191.0,77.0,130.0,10.0,168.0,23.0,41.0,3.0,32.0,60.0,43.0,3.0,20.0,3.0,15.0,33.0,197.0,30.0,34.0,27.0,12.0,7.0,44.0,,4479.0,1407.0,983.0,598.0,344.0,324.0,459.0,450.0
22,24,3733.0,1906.0,5526.0,700.0,1393.0,474.0,1520.0,546.0,812.0,396.0,416.0,41.0,1146.0,137.0,270.0,96.0,762.0,498.0,664.0,56.0,110.0,58.0,490.0,1064.0,313.0,61.0,99.0,31.0,1302.0,785.0,2283.0,438.0,536.0,316.0,677.0,91.0,753.0,176.0,677.0,205.0,531.0,221.0,251.0,23.0,697.0,79.0,295.0,59.0,649.0,499.0,550.0,45.0,36.0,20.0,123.0,434.0,365.0,98.0,147.0,76.0,155.0,158.0,276.0,45.0,13485.0,5744.0,2691.0,2779.0,3723.0,2335.0,1190.0,5442.0
23,25,7985.0,3799.0,7192.0,746.0,1201.0,494.0,1614.0,476.0,721.0,345.0,332.0,19.0,3188.0,258.0,394.0,109.0,1244.0,645.0,809.0,86.0,99.0,77.0,625.0,602.0,902.0,131.0,129.0,49.0,419.0,199.0,572.0,77.0,1048.0,698.0,901.0,54.0,435.0,225.0,696.0,196.0,349.0,92.0,109.0,9.0,1993.0,157.0,215.0,34.0,1101.0,677.0,618.0,18.0,56.0,19.0,160.0,297.0,842.0,152.0,184.0,114.0,41.0,42.0,97.0,6.0,22423.0,5337.0,1976.0,6348.0,5198.0,1935.0,2503.0,1453.0
24,26,5922.0,2565.0,5018.0,446.0,2478.0,609.0,2243.0,679.0,1253.0,496.0,665.0,67.0,1609.0,179.0,336.0,143.0,886.0,550.0,710.0,60.0,128.0,84.0,757.0,993.0,855.0,115.0,209.0,68.0,1681.0,795.0,2284.0,289.0,580.0,308.0,432.0,46.0,1087.0,264.0,995.0,287.0,742.0,297.0,383.0,36.0,740.0,87.0,318.0,65.0,616.0,407.0,462.0,27.0,35.0,19.0,165.0,397.0,834.0,134.0,256.0,96.0,164.0,101.0,302.0,33.0,15317.0,8642.0,3939.0,3477.0,3718.0,2578.0,2567.0,5649.0
25,27,7316.0,2891.0,6274.0,518.0,2281.0,720.0,2163.0,638.0,1378.0,816.0,650.0,53.0,2362.0,266.0,548.0,139.0,976.0,636.0,771.0,59.0,189.0,105.0,823.0,1133.0,881.0,164.0,230.0,85.0,607.0,289.0,707.0,68.0,1021.0,502.0,689.0,33.0,1084.0,293.0,883.0,233.0,578.0,229.0,234.0,24.0,1210.0,151.0,541.0,120.0,745.0,582.0,549.0,21.0,58.0,22.0,172.0,435.0,981.0,179.0,416.0,460.0,62.0,62.0,156.0,2.0,19244.0,8295.0,3962.0,5337.0,4339.0,2937.0,3396.0,1953.0
26,28,5607.0,2267.0,4547.0,456.0,1738.0,602.0,1580.0,500.0,1003.0,461.0,491.0,53.0,1338.0,188.0,293.0,74.0,836.0,455.0,621.0,60.0,83.0,61.0,580.0,827.0,228.0,117.0,169.0,31.0,535.0,208.0,651.0,75.0,555.0,265.0,370.0,45.0,826.0,257.0,716.0,159.0,518.0,131.0,232.0,38.0,587.0,88.0,216.0,63.0,466.0,298.0,367.0,19.0,39.0,23.0,123.0,311.0,301.0,97.0,137.0,40.0,74.0,39.0,124.0,11.0,14112.0,6378.0,2927.0,2847.0,3122.0,2047.0,1120.0,1717.0
27,29,12048.0,7073.0,13886.0,1845.0,3842.0,956.0,2954.0,908.0,1885.0,1006.0,1066.0,133.0,2935.0,443.0,639.0,174.0,2240.0,1260.0,1600.0,146.0,149.0,108.0,705.0,1591.0,850.0,248.0,450.0,99.0,1302.0,568.0,1459.0,227.0,1454.0,905.0,1054.0,155.0,2018.0,375.0,1158.0,308.0,1377.0,627.0,606.0,53.0,1168.0,223.0,499.0,117.0,2220.0,1370.0,1387.0,54.0,58.0,29.0,170.0,673.0,884.0,251.0,450.0,190.0,181.0,91.0,299.0,16.0,38420.0,12519.0,6753.0,6198.0,10277.0,3483.0,3422.0,4143.0
28,2A,1569.0,752.0,1440.0,145.0,470.0,118.0,612.0,167.0,181.0,80.0,80.0,11.0,443.0,45.0,84.0,23.0,275.0,123.0,155.0,13.0,87.0,28.0,287.0,425.0,161.0,23.0,66.0,19.0,221.0,70.0,189.0,35.0,83.0,46.0,89.0,6.0,271.0,54.0,222.0,74.0,70.0,26.0,24.0,3.0,225.0,34.0,58.0,17.0,92.0,50.0,73.0,9.0,32.0,7.0,89.0,213.0,148.0,34.0,75.0,16.0,20.0,2.0,37.0,11.0,4130.0,1988.0,475.0,929.0,790.0,1168.0,542.0,585.0
29,2B,1834.0,928.0,2091.0,273.0,631.0,177.0,783.0,179.0,183.0,80.0,67.0,4.0,332.0,41.0,84.0,36.0,169.0,64.0,49.0,8.0,41.0,15.0,153.0,247.0,442.0,57.0,130.0,30.0,286.0,86.0,272.0,54.0,146.0,49.0,146.0,23.0,396.0,72.0,330.0,84.0,121.0,23.0,35.0,5.0,116.0,13.0,59.0,53.0,54.0,25.0,17.0,2.0,16.0,1.0,45.0,102.0,472.0,63.0,186.0,40.0,32.0,12.0,77.0,,5490.0,2652.0,518.0,734.0,388.0,620.0,1420.0,819.0
30,30,8073.0,3463.0,5086.0,485.0,3712.0,933.0,3179.0,1080.0,1210.0,652.0,556.0,37.0,2143.0,289.0,312.0,114.0,2088.0,1212.0,1340.0,130.0,191.0,92.0,912.0,1770.0,1075.0,219.0,289.0,98.0,1408.0,526.0,1368.0,214.0,612.0,343.0,496.0,41.0,1751.0,389.0,1426.0,468.0,595.0,212.0,257.0,24.0,866.0,118.0,171.0,39.0,1145.0,593.0,747.0,35.0,76.0,31.0,221.0,737.0,1072.0,198.0,410.0,304.0,148.0,70.0,284.0,28.0,18599.0,12938.0,3543.0,4052.0,7290.0,4030.0,3665.0,4046.0
31,31,15986.0,6533.0,13006.0,1325.0,8589.0,2340.0,7558.0,1621.0,3677.0,1664.0,1680.0,130.0,6136.0,638.0,1256.0,290.0,3190.0,1916.0,2545.0,159.0,678.0,462.0,4828.0,4532.0,2426.0,546.0,1158.0,327.0,5758.0,2887.0,6742.0,835.0,1866.0,785.0,1343.0,133.0,3984.0,961.0,2984.0,550.0,2129.0,849.0,1048.0,72.0,2835.0,302.0,685.0,125.0,1640.0,1161.0,1514.0,53.0,269.0,120.0,1223.0,1957.0,2512.0,603.0,1430.0,523.0,479.0,591.0,1141.0,105.0,40977.0,28587.0,11249.0,12267.0,12178.0,14069.0,9525.0,18538.0
32,32,1775.0,859.0,1939.0,213.0,920.0,250.0,887.0,247.0,527.0,277.0,383.0,63.0,570.0,52.0,119.0,72.0,362.0,287.0,302.0,19.0,85.0,53.0,326.0,561.0,209.0,49.0,74.0,20.0,1280.0,929.0,2108.0,368.0,296.0,140.0,316.0,29.0,476.0,122.0,451.0,81.0,640.0,256.0,335.0,34.0,396.0,44.0,145.0,54.0,240.0,244.0,268.0,15.0,24.0,7.0,97.0,223.0,203.0,30.0,89.0,72.0,149.0,116.0,227.0,52.0,5567.0,3434.0,2515.0,1452.0,1737.0,1376.0,746.0,5229.0
33,33,17063.0,7410.0,14673.0,1408.0,9023.0,2750.0,9340.0,2104.0,4128.0,1988.0,1899.0,139.0,7054.0,815.0,1671.0,421.0,4621.0,3191.0,3771.0,304.0,828.0,415.0,5248.0,6259.0,1467.0,488.0,956.0,214.0,4472.0,2362.0,5350.0,778.0,1773.0,941.0,1551.0,178.0,3935.0,1116.0,3968.0,742.0,1825.0,680.0,903.0,73.0,3024.0,371.0,1290.0,240.0,2803.0,2248.0,2381.0,116.0,333.0,112.0,1231.0,2791.0,1818.0,525.0,939.0,379.0,378.0,425.0,617.0,53.0,44997.0,32978.0,11635.0,14886.0,19435.0,17217.0,6786.0,14435.0
34,34,12851.0,5282.0,8210.0,786.0,6345.0,1757.0,7016.0,1923.0,2295.0,962.0,1049.0,58.0,2718.0,374.0,575.0,182.0,2777.0,1755.0,1744.0,152.0,243.0,137.0,1527.0,2272.0,2404.0,382.0,488.0,114.0,2925.0,1526.0,3322.0,532.0,1136.0,607.0,839.0,82.0,2735.0,674.0,2924.0,799.0,1040.0,308.0,455.0,18.0,1083.0,157.0,261.0,50.0,1012.0,769.0,854.0,42.0,79.0,38.0,322.0,1028.0,2507.0,310.0,574.0,267.0,243.0,217.0,606.0,50.0,29793.0,24173.0,6185.0,5400.0,9105.0,5646.0,7046.0,9421.0
35,35,17432.0,8090.0,16284.0,1357.0,4182.0,1372.0,4222.0,909.0,4464.0,2063.0,2208.0,137.0,4304.0,538.0,800.0,146.0,1916.0,1218.0,1819.0,131.0,411.0,226.0,2270.0,2629.0,598.0,275.0,596.0,153.0,745.0,362.0,1215.0,101.0,2177.0,1120.0,1197.0,118.0,1599.0,525.0,1485.0,316.0,3142.0,1322.0,1084.0,73.0,1659.0,252.0,618.0,87.0,853.0,737.0,894.0,28.0,141.0,74.0,532.0,1078.0,689.0,329.0,657.0,295.0,66.0,74.0,231.0,7.0,47775.0,14610.0,14493.0,8404.0,7596.0,7361.0,3592.0,2801.0
36,36,2396.0,1560.0,4229.0,514.0,507.0,222.0,609.0,194.0,413.0,224.0,254.0,27.0,605.0,79.0,189.0,50.0,199.0,119.0,240.0,13.0,35.0,10.0,158.0,269.0,200.0,45.0,78.0,24.0,287.0,146.0,481.0,72.0,292.0,202.0,561.0,55.0,275.0,87.0,342.0,86.0,406.0,131.0,170.0,23.0,315.0,40.0,203.0,33.0,133.0,125.0,132.0,,8.0,4.0,33.0,92.0,233.0,57.0,190.0,134.0,35.0,9.0,92.0,1.0,9809.0,2322.0,1648.0,1514.0,961.0,609.0,961.0,1123.0
37,37,6395.0,2984.0,5650.0,619.0,2316.0,885.0,2568.0,744.0,2007.0,883.0,1130.0,96.0,2307.0,327.0,645.0,175.0,1109.0,680.0,853.0,69.0,150.0,95.0,1111.0,1468.0,717.0,199.0,303.0,124.0,726.0,402.0,956.0,133.0,821.0,473.0,672.0,60.0,873.0,294.0,982.0,288.0,1040.0,345.0,413.0,38.0,988.0,136.0,510.0,91.0,484.0,339.0,622.0,29.0,49.0,18.0,202.0,502.0,952.0,240.0,387.0,241.0,96.0,107.0,103.0,19.0,17674.0,8950.0,5952.0,5179.0,4185.0,3595.0,3163.0,2542.0
38,38,15467.0,6586.0,11552.0,1021.0,5818.0,1704.0,5518.0,1315.0,3226.0,1535.0,1607.0,126.0,4837.0,606.0,899.0,193.0,2006.0,1188.0,1171.0,91.0,267.0,163.0,1899.0,2203.0,2552.0,488.0,857.0,271.0,3977.0,1922.0,4929.0,545.0,1600.0,881.0,1269.0,108.0,2270.0,561.0,2373.0,535.0,2144.0,939.0,1145.0,94.0,2035.0,258.0,499.0,67.0,898.0,638.0,706.0,34.0,111.0,47.0,458.0,898.0,2611.0,523.0,1200.0,743.0,389.0,260.0,739.0,59.0,38484.0,20094.0,10816.0,9394.0,6732.0,6046.0,9245.0,12820.0
39,39,2935.0,1424.0,3240.0,427.0,627.0,199.0,625.0,183.0,440.0,241.0,267.0,32.0,901.0,94.0,145.0,49.0,548.0,334.0,422.0,31.0,76.0,38.0,318.0,418.0,367.0,56.0,87.0,50.0,577.0,284.0,756.0,96.0,422.0,330.0,496.0,66.0,342.0,71.0,290.0,93.0,325.0,90.0,130.0,16.0,432.0,55.0,129.0,30.0,408.0,277.0,278.0,12.0,33.0,12.0,96.0,196.0,406.0,66.0,153.0,131.0,96.0,58.0,94.0,10.0,9340.0,2430.0,1541.0,1835.0,2310.0,1187.0,1316.0,1971.0
40,40,4433.0,1847.0,4111.0,454.0,1905.0,547.0,1964.0,695.0,1803.0,949.0,1542.0,196.0,1261.0,156.0,340.0,114.0,782.0,495.0,672.0,48.0,342.0,154.0,1433.0,2237.0,391.0,126.0,175.0,64.0,2398.0,1550.0,3444.0,622.0,563.0,248.0,411.0,54.0,959.0,264.0,947.0,279.0,1805.0,825.0,946.0,91.0,682.0,92.0,225.0,43.0,611.0,435.0,494.0,25.0,109.0,43.0,309.0,1069.0,482.0,147.0,246.0,174.0,221.0,333.0,370.0,50.0,12121.0,7560.0,8157.0,2913.0,3562.0,5696.0,1805.0,8988.0
41,41,3727.0,1835.0,4065.0,488.0,1317.0,505.0,1280.0,422.0,970.0,422.0,398.0,34.0,763.0,92.0,224.0,72.0,371.0,299.0,289.0,19.0,70.0,39.0,361.0,609.0,450.0,113.0,172.0,113.0,416.0,247.0,542.0,100.0,451.0,282.0,407.0,83.0,708.0,200.0,602.0,178.0,380.0,134.0,160.0,21.0,333.0,40.0,142.0,32.0,190.0,174.0,186.0,6.0,20.0,10.0,72.0,251.0,580.0,123.0,319.0,344.0,57.0,32.0,62.0,14.0,11338.0,5212.0,2519.0,1698.0,1534.0,1432.0,2214.0,1470.0
42,42,10000.0,4971.0,11233.0,1285.0,2669.0,882.0,2766.0,770.0,3219.0,1458.0,2342.0,308.0,2582.0,293.0,484.0,117.0,699.0,437.0,602.0,54.0,173.0,116.0,1118.0,1404.0,1131.0,195.0,315.0,88.0,611.0,265.0,785.0,101.0,953.0,570.0,923.0,80.0,1269.0,372.0,1125.0,294.0,2586.0,1060.0,1596.0,153.0,934.0,157.0,325.0,61.0,332.0,278.0,353.0,14.0,71.0,23.0,270.0,673.0,1193.0,214.0,484.0,379.0,55.0,29.0,154.0,6.0,30015.0,10147.0,12722.0,4953.0,2769.0,3848.0,3999.0,2006.0
43,43,3119.0,1719.0,4035.0,419.0,898.0,320.0,889.0,177.0,383.0,231.0,265.0,27.0,668.0,86.0,168.0,49.0,466.0,272.0,318.0,18.0,40.0,24.0,240.0,265.0,379.0,89.0,117.0,68.0,321.0,234.0,552.0,60.0,511.0,372.0,624.0,40.0,445.0,121.0,393.0,75.0,450.0,258.0,298.0,29.0,266.0,57.0,170.0,26.0,349.0,294.0,330.0,9.0,4.0,2.0,45.0,138.0,487.0,99.0,169.0,190.0,32.0,24.0,71.0,2.0,10839.0,3318.0,1941.0,1490.0,2056.0,758.0,1598.0,1296.0
44,44,20426.0,9362.0,19457.0,1852.0,5827.0,2074.0,6741.0,1662.0,6624.0,2998.0,3669.0,304.0,4836.0,523.0,1188.0,217.0,5581.0,3045.0,3882.0,303.0,391.0,255.0,2974.0,3873.0,1689.0,569.0,1015.0,259.0,1538.0,745.0,2103.0,237.0,2586.0,1317.0,1606.0,128.0,2164.0,775.0,2449.0,619.0,4949.0,2258.0,2433.0,161.0,1779.0,265.0,725.0,120.0,2447.0,1516.0,1773.0,87.0,167.0,60.0,610.0,1522.0,1769.0,599.0,1325.0,836.0,125.0,70.0,305.0,22.0,56734.0,22311.0,23396.0,9653.0,18634.0,9852.0,8061.0,5145.0
45,45,8055.0,3234.0,6054.0,606.0,2957.0,996.0,2850.0,770.0,2331.0,1090.0,1179.0,106.0,2619.0,336.0,615.0,176.0,1313.0,752.0,969.0,69.0,179.0,75.0,962.0,1412.0,664.0,178.0,305.0,121.0,813.0,410.0,1112.0,151.0,955.0,456.0,566.0,64.0,1382.0,433.0,1195.0,323.0,1186.0,354.0,615.0,60.0,1253.0,153.0,455.0,91.0,721.0,457.0,450.0,28.0,70.0,24.0,217.0,503.0,843.0,194.0,404.0,324.0,77.0,100.0,158.0,17.0,19990.0,10906.0,6921.0,5698.0,4759.0,3442.0,3033.0,2838.0
46,46,1476.0,834.0,2269.0,314.0,587.0,162.0,459.0,181.0,240.0,91.0,112.0,13.0,474.0,43.0,122.0,47.0,458.0,219.0,224.0,22.0,63.0,25.0,227.0,441.0,229.0,60.0,88.0,45.0,804.0,485.0,1181.0,232.0,258.0,151.0,314.0,25.0,379.0,61.0,246.0,76.0,249.0,97.0,75.0,15.0,269.0,37.0,115.0,23.0,270.0,209.0,209.0,9.0,15.0,4.0,45.0,134.0,262.0,86.0,174.0,110.0,133.0,191.0,226.0,42.0,5641.0,2151.0,892.0,1130.0,1620.0,954.0,1054.0,3294.0
47,47,3161.0,1297.0,2770.0,272.0,1121.0,391.0,1389.0,363.0,1300.0,540.0,947.0,156.0,1012.0,119.0,231.0,90.0,597.0,363.0,422.0,21.0,123.0,74.0,565.0,877.0,180.0,76.0,64.0,28.0,1530.0,1040.0,2462.0,480.0,334.0,164.0,322.0,33.0,582.0,192.0,689.0,160.0,991.0,373.0,526.0,61.0,499.0,61.0,204.0,61.0,304.0,289.0,256.0,10.0,43.0,15.0,131.0,334.0,242.0,74.0,63.0,18.0,165.0,219.0,246.0,31.0,8353.0,4887.0,4894.0,2277.0,2262.0,2162.0,745.0,6173.0
48,48,887.0,527.0,1134.0,91.0,204.0,44.0,190.0,46.0,40.0,51.0,26.0,1.0,219.0,33.0,51.0,13.0,157.0,86.0,89.0,3.0,20.0,16.0,48.0,46.0,50.0,14.0,15.0,2.0,224.0,76.0,165.0,26.0,180.0,155.0,190.0,7.0,118.0,31.0,138.0,27.0,13.0,9.0,7.0,1.0,122.0,15.0,63.0,7.0,138.0,109.0,96.0,6.0,3.0,4.0,14.0,19.0,53.0,23.0,12.0,4.0,28.0,16.0,20.0,5.0,3171.0,798.0,148.0,523.0,684.0,170.0,173.0,560.0
49,49,12542.0,6571.0,12792.0,1058.0,2556.0,1034.0,2994.0,833.0,4203.0,2127.0,2554.0,207.0,2847.0,409.0,706.0,190.0,1678.0,1172.0,1408.0,111.0,194.0,84.0,992.0,1635.0,992.0,327.0,439.0,116.0,519.0,302.0,768.0,109.0,1638.0,934.0,955.0,49.0,872.0,364.0,1025.0,246.0,3330.0,1655.0,1937.0,125.0,1006.0,214.0,592.0,164.0,689.0,564.0,864.0,37.0,86.0,21.0,242.0,683.0,1117.0,380.0,442.0,102.0,46.0,42.0,119.0,6.0,36539.0,9924.0,16138.0,6128.0,6523.0,3937.0,3915.0,1911.0
50,50,5922.0,3004.0,6301.0,542.0,1612.0,591.0,1652.0,538.0,862.0,373.0,476.0,61.0,1517.0,193.0,345.0,99.0,1137.0,723.0,861.0,73.0,188.0,101.0,706.0,1357.0,694.0,187.0,342.0,122.0,447.0,171.0,460.0,32.0,890.0,504.0,685.0,63.0,727.0,237.0,716.0,211.0,423.0,218.0,240.0,21.0,733.0,124.0,419.0,101.0,1008.0,899.0,763.0,40.0,74.0,23.0,194.0,603.0,735.0,176.0,458.0,365.0,48.0,20.0,52.0,3.0,17911.0,6284.0,2674.0,3531.0,5504.0,3246.0,3079.0,1233.0
51,51,5561.0,2488.0,5252.0,491.0,2429.0,722.0,1957.0,419.0,1229.0,637.0,672.0,58.0,2075.0,216.0,339.0,103.0,660.0,410.0,525.0,35.0,173.0,139.0,1062.0,1134.0,742.0,131.0,153.0,35.0,420.0,157.0,393.0,19.0,563.0,311.0,490.0,56.0,1355.0,361.0,994.0,264.0,440.0,142.0,258.0,22.0,988.0,92.0,184.0,46.0,281.0,155.0,316.0,10.0,93.0,21.0,261.0,497.0,837.0,121.0,187.0,20.0,30.0,42.0,76.0,2.0,15212.0,8501.0,3458.0,4043.0,2392.0,3380.0,2226.0,1139.0
52,52,1772.0,1074.0,2904.0,356.0,662.0,130.0,436.0,145.0,124.0,88.0,62.0,12.0,540.0,68.0,123.0,71.0,360.0,160.0,238.0,17.0,17.0,10.0,85.0,119.0,125.0,48.0,44.0,15.0,127.0,50.0,129.0,27.0,247.0,206.0,347.0,48.0,425.0,57.0,210.0,65.0,51.0,21.0,20.0,1.0,275.0,46.0,118.0,71.0,191.0,124.0,134.0,8.0,13.0,2.0,20.0,50.0,120.0,36.0,46.0,19.0,14.0,3.0,38.0,2.0,6954.0,2130.0,379.0,1312.0,1232.0,316.0,453.0,390.0
53,53,5329.0,3327.0,7407.0,628.0,812.0,301.0,805.0,254.0,796.0,377.0,513.0,39.0,975.0,141.0,210.0,66.0,832.0,497.0,623.0,57.0,46.0,18.0,248.0,409.0,261.0,79.0,149.0,39.0,109.0,70.0,205.0,21.0,761.0,490.0,460.0,36.0,310.0,118.0,308.0,96.0,838.0,377.0,389.0,24.0,399.0,95.0,322.0,82.0,592.0,404.0,384.0,20.0,7.0,6.0,55.0,149.0,298.0,114.0,154.0,29.0,9.0,11.0,20.0,,18438.0,3004.0,3353.0,2290.0,3409.0,938.0,1123.0,445.0
54,54,8585.0,4074.0,9044.0,966.0,2290.0,885.0,2509.0,703.0,1735.0,834.0,996.0,140.0,2525.0,368.0,481.0,153.0,1343.0,695.0,972.0,111.0,137.0,79.0,850.0,1094.0,1118.0,258.0,273.0,72.0,375.0,215.0,644.0,80.0,1003.0,487.0,672.0,57.0,1151.0,355.0,1092.0,270.0,721.0,262.0,347.0,45.0,1165.0,188.0,310.0,86.0,716.0,457.0,566.0,35.0,41.0,24.0,263.0,527.0,1171.0,278.0,304.0,106.0,39.0,40.0,105.0,1.0,24888.0,9255.0,5080.0,5276.0,4895.0,3015.0,3580.0,1499.0
55,55,1890.0,925.0,2132.0,255.0,641.0,160.0,458.0,110.0,329.0,146.0,173.0,29.0,493.0,64.0,99.0,46.0,535.0,300.0,377.0,36.0,55.0,18.0,118.0,176.0,267.0,31.0,55.0,25.0,114.0,83.0,186.0,18.0,231.0,120.0,209.0,19.0,447.0,103.0,248.0,46.0,161.0,59.0,81.0,15.0,296.0,35.0,102.0,61.0,389.0,190.0,267.0,12.0,29.0,4.0,20.0,70.0,296.0,35.0,67.0,51.0,16.0,20.0,62.0,1.0,5781.0,2213.0,993.0,1196.0,2106.0,490.0,827.0,500.0
56,56,9744.0,5696.0,13028.0,1595.0,2683.0,764.0,2063.0,749.0,2079.0,1036.0,1041.0,99.0,2548.0,343.0,550.0,141.0,1550.0,952.0,1057.0,84.0,225.0,118.0,966.0,2056.0,500.0,179.0,360.0,101.0,1300.0,467.0,1154.0,146.0,987.0,578.0,734.0,130.0,1188.0,296.0,843.0,294.0,1460.0,752.0,742.0,43.0,1017.0,176.0,321.0,48.0,847.0,671.0,648.0,16.0,71.0,32.0,231.0,956.0,578.0,230.0,358.0,69.0,124.0,84.0,234.0,26.0,32492.0,8880.0,7252.0,5144.0,5825.0,4655.0,2375.0,3535.0
57,57,14437.0,6974.0,16967.0,1904.0,3971.0,1086.0,4335.0,1346.0,1628.0,739.0,894.0,128.0,3224.0,409.0,817.0,316.0,1764.0,927.0,1194.0,151.0,282.0,164.0,1239.0,1496.0,1251.0,232.0,264.0,124.0,452.0,187.0,562.0,103.0,2036.0,998.0,1208.0,140.0,2600.0,492.0,1836.0,360.0,830.0,260.0,336.0,49.0,1668.0,234.0,545.0,158.0,1153.0,620.0,740.0,56.0,115.0,41.0,389.0,665.0,1267.0,213.0,562.0,723.0,55.0,46.0,97.0,10.0,44664.0,16026.0,4864.0,7371.0,6605.0,4391.0,4636.0,1512.0
58,58,1612.0,968.0,2538.0,320.0,495.0,180.0,714.0,226.0,372.0,160.0,165.0,26.0,591.0,70.0,148.0,54.0,218.0,174.0,171.0,28.0,29.0,17.0,159.0,250.0,399.0,64.0,71.0,29.0,369.0,185.0,470.0,53.0,184.0,127.0,241.0,56.0,242.0,119.0,292.0,108.0,191.0,58.0,92.0,8.0,281.0,44.0,187.0,74.0,110.0,103.0,91.0,6.0,9.0,1.0,42.0,115.0,429.0,59.0,93.0,93.0,47.0,22.0,85.0,11.0,6046.0,2376.0,1072.0,1449.0,901.0,622.0,1237.0,1242.0
59,59,35945.0,16430.0,31570.0,2635.0,9550.0,3166.0,9592.0,2215.0,7978.0,4081.0,4959.0,482.0,8523.0,1170.0,1916.0,443.0,2505.0,1470.0,1979.0,139.0,908.0,504.0,4981.0,4295.0,2836.0,665.0,914.0,222.0,1856.0,844.0,2040.0,193.0,4051.0,1839.0,2949.0,226.0,4219.0,1168.0,3282.0,575.0,4563.0,1728.0,2177.0,211.0,3827.0,536.0,1128.0,216.0,1169.0,918.0,1001.0,31.0,420.0,136.0,1345.0,1943.0,2873.0,616.0,1006.0,442.0,279.0,181.0,441.0,21.0,95645.0,33767.0,26179.0,17759.0,9212.0,14532.0,9574.0,5855.0
60,60,11227.0,4657.0,11220.0,1007.0,3546.0,1201.0,3687.0,789.0,2088.0,1005.0,848.0,70.0,3662.0,372.0,717.0,195.0,1440.0,635.0,914.0,58.0,251.0,141.0,1187.0,1607.0,1059.0,194.0,241.0,98.0,810.0,269.0,795.0,92.0,1281.0,652.0,1102.0,113.0,1714.0,513.0,1436.0,253.0,923.0,323.0,312.0,35.0,1786.0,229.0,535.0,105.0,614.0,401.0,502.0,29.0,115.0,40.0,334.0,637.0,1061.0,172.0,419.0,370.0,81.0,64.0,104.0,11.0,31259.0,13139.0,5604.0,7601.0,4593.0,4312.0,3614.0,2226.0
61,61,3026.0,1660.0,3378.0,344.0,929.0,305.0,712.0,225.0,502.0,236.0,179.0,20.0,901.0,101.0,163.0,50.0,376.0,272.0,275.0,22.0,86.0,59.0,275.0,474.0,187.0,46.0,87.0,25.0,198.0,108.0,177.0,29.0,465.0,317.0,413.0,41.0,459.0,114.0,349.0,86.0,271.0,97.0,92.0,13.0,432.0,62.0,176.0,48.0,254.0,333.0,259.0,9.0,25.0,17.0,64.0,188.0,165.0,66.0,82.0,24.0,22.0,18.0,35.0,8.0,9644.0,3179.0,1410.0,1933.0,1800.0,1188.0,682.0,595.0
62,62,22266.0,11387.0,23838.0,1961.0,3218.0,1250.0,3707.0,800.0,4540.0,2078.0,2650.0,287.0,4420.0,622.0,826.0,216.0,1326.0,820.0,941.0,70.0,346.0,218.0,1471.0,1784.0,2218.0,304.0,370.0,81.0,582.0,319.0,777.0,88.0,2731.0,1488.0,2100.0,185.0,1418.0,478.0,1190.0,236.0,2417.0,863.0,1217.0,110.0,2130.0,328.0,709.0,135.0,902.0,577.0,597.0,21.0,139.0,56.0,389.0,805.0,2207.0,382.0,448.0,132.0,54.0,48.0,123.0,2.0,65956.0,12297.0,14162.0,9386.0,5254.0,5208.0,6142.0,1993.0
63,63,6684.0,3429.0,7903.0,728.0,2409.0,783.0,2815.0,752.0,2018.0,884.0,1283.0,140.0,2019.0,251.0,496.0,157.0,749.0,490.0,589.0,24.0,197.0,138.0,1169.0,1468.0,1077.0,283.0,424.0,147.0,1684.0,1203.0,3125.0,371.0,974.0,611.0,964.0,95.0,1074.0,354.0,1270.0,310.0,1418.0,556.0,768.0,84.0,935.0,111.0,292.0,84.0,330.0,339.0,378.0,7.0,83.0,30.0,300.0,626.0,1272.0,334.0,676.0,556.0,120.0,164.0,463.0,43.0,21388.0,9767.0,7151.0,4345.0,2906.0,4011.0,4769.0,7173.0
64,64,8064.0,3293.0,6537.0,589.0,2766.0,822.0,2818.0,903.0,1688.0,863.0,1248.0,122.0,2255.0,300.0,502.0,144.0,1693.0,1114.0,1588.0,153.0,566.0,261.0,2569.0,4052.0,1213.0,314.0,374.0,114.0,3947.0,2698.0,5441.0,949.0,1045.0,463.0,618.0,52.0,1314.0,422.0,1260.0,313.0,1671.0,704.0,684.0,67.0,1031.0,159.0,429.0,76.0,2016.0,1391.0,1261.0,46.0,228.0,77.0,666.0,2006.0,1349.0,320.0,498.0,253.0,275.0,466.0,551.0,76.0,20661.0,10618.0,7047.0,4896.0,9262.0,10425.0,4435.0,14403.0
65,65,2157.0,1058.0,2066.0,236.0,622.0,249.0,871.0,279.0,397.0,181.0,318.0,45.0,642.0,84.0,138.0,48.0,414.0,365.0,364.0,29.0,101.0,65.0,344.0,588.0,291.0,82.0,91.0,11.0,1152.0,956.0,2160.0,391.0,331.0,130.0,195.0,27.0,338.0,115.0,444.0,110.0,503.0,266.0,282.0,14.0,324.0,42.0,173.0,28.0,319.0,299.0,329.0,15.0,38.0,16.0,103.0,246.0,321.0,72.0,111.0,56.0,162.0,221.0,276.0,45.0,6200.0,3028.0,2006.0,1479.0,2134.0,1501.0,1035.0,5363.0
66,66,4335.0,1712.0,2532.0,276.0,3333.0,516.0,1716.0,752.0,1008.0,389.0,388.0,51.0,1910.0,182.0,217.0,78.0,885.0,439.0,410.0,23.0,72.0,55.0,420.0,938.0,509.0,109.0,155.0,36.0,1719.0,967.0,2096.0,325.0,433.0,247.0,315.0,36.0,2534.0,233.0,674.0,253.0,437.0,158.0,242.0,29.0,954.0,79.0,123.0,21.0,358.0,192.0,324.0,13.0,24.0,25.0,140.0,420.0,678.0,147.0,198.0,154.0,165.0,174.0,304.0,25.0,9886.0,10011.0,2702.0,3564.0,2644.0,2094.0,1986.0,5775.0
67,67,13714.0,7609.0,20758.0,2340.0,4286.0,1334.0,4629.0,1708.0,3678.0,1801.0,2927.0,359.0,3924.0,402.0,856.0,264.0,2318.0,1226.0,1886.0,211.0,272.0,144.0,1683.0,2196.0,3750.0,448.0,556.0,155.0,752.0,282.0,912.0,112.0,1644.0,945.0,1688.0,209.0,2469.0,565.0,2059.0,562.0,2171.0,1016.0,1726.0,133.0,1588.0,244.0,453.0,146.0,1261.0,653.0,1008.0,47.0,140.0,54.0,583.0,1167.0,3634.0,548.0,882.0,417.0,93.0,59.0,185.0,14.0,48907.0,17612.0,13811.0,7877.0,8610.0,6239.0,10390.0,2409.0
68,68,8772.0,4464.0,11916.0,1282.0,2897.0,720.0,2387.0,826.0,1940.0,882.0,1274.0,154.0,2120.0,239.0,511.0,223.0,1373.0,825.0,1191.0,164.0,146.0,85.0,894.0,1195.0,1769.0,202.0,313.0,143.0,519.0,197.0,500.0,87.0,1094.0,568.0,910.0,106.0,1604.0,318.0,1092.0,262.0,1099.0,423.0,593.0,62.0,956.0,112.0,290.0,98.0,685.0,435.0,595.0,40.0,76.0,40.0,332.0,621.0,1685.0,212.0,506.0,286.0,56.0,38.0,167.0,10.0,29112.0,10106.0,6427.0,4549.0,5308.0,3389.0,5116.0,1574.0
69,69,20076.0,8875.0,15482.0,1501.0,9731.0,2864.0,9435.0,2312.0,5777.0,2692.0,3359.0,258.0,6612.0,805.0,1286.0,249.0,2375.0,1416.0,1758.0,133.0,529.0,318.0,4523.0,4638.0,4906.0,670.0,1418.0,280.0,2558.0,1060.0,2929.0,327.0,2006.0,1173.0,1608.0,163.0,3755.0,1149.0,3597.0,860.0,2893.0,1079.0,1510.0,154.0,2477.0,354.0,557.0,83.0,955.0,653.0,924.0,46.0,217.0,96.0,1126.0,2261.0,4523.0,682.0,1755.0,730.0,146.0,101.0,509.0,34.0,50884.0,33703.0,17722.0,12423.0,8260.0,13708.0,14964.0,7664.0
70,70,2785.0,1380.0,2922.0,269.0,429.0,135.0,443.0,137.0,412.0,131.0,160.0,23.0,769.0,82.0,138.0,50.0,573.0,397.0,402.0,38.0,15.0,20.0,133.0,186.0,204.0,55.0,39.0,26.0,111.0,93.0,170.0,22.0,532.0,237.0,283.0,23.0,231.0,67.0,176.0,35.0,268.0,71.0,63.0,11.0,379.0,49.0,118.0,7.0,416.0,305.0,269.0,8.0,10.0,7.0,48.0,75.0,248.0,44.0,95.0,42.0,12.0,10.0,36.0,,8431.0,1653.0,1139.0,1592.0,2408.0,494.0,753.0,454.0
71,71,6480.0,3234.0,6758.0,738.0,1411.0,453.0,1394.0,461.0,1380.0,626.0,814.0,111.0,1894.0,186.0,307.0,108.0,404.0,348.0,367.0,22.0,98.0,70.0,463.0,834.0,1192.0,153.0,231.0,118.0,1151.0,680.0,1777.0,251.0,742.0,364.0,632.0,62.0,610.0,191.0,612.0,162.0,873.0,307.0,476.0,58.0,965.0,110.0,302.0,98.0,173.0,172.0,208.0,7.0,35.0,10.0,93.0,292.0,1261.0,186.0,395.0,366.0,156.0,120.0,269.0,19.0,19010.0,5294.0,4645.0,3970.0,1701.0,1895.0,3902.0,4423.0
72,72,7558.0,3722.0,8973.0,909.0,1366.0,599.0,1483.0,472.0,2462.0,1150.0,1185.0,134.0,1432.0,166.0,320.0,103.0,1306.0,781.0,1055.0,101.0,97.0,64.0,546.0,893.0,503.0,175.0,235.0,60.0,203.0,147.0,336.0,35.0,949.0,657.0,770.0,79.0,577.0,207.0,531.0,157.0,1182.0,564.0,508.0,57.0,586.0,75.0,301.0,60.0,683.0,496.0,557.0,28.0,31.0,11.0,132.0,335.0,635.0,187.0,341.0,147.0,13.0,34.0,43.0,7.0,23617.0,5392.0,7242.0,3043.0,5007.0,2109.0,2283.0,818.0
73,73,4100.0,1806.0,3145.0,354.0,1792.0,545.0,1865.0,468.0,917.0,365.0,509.0,60.0,1471.0,127.0,275.0,59.0,919.0,498.0,544.0,53.0,157.0,102.0,802.0,899.0,500.0,129.0,209.0,35.0,857.0,379.0,984.0,147.0,518.0,216.0,392.0,49.0,776.0,213.0,940.0,216.0,436.0,140.0,195.0,27.0,578.0,72.0,155.0,28.0,428.0,315.0,325.0,16.0,82.0,26.0,226.0,488.0,623.0,142.0,224.0,33.0,88.0,50.0,115.0,15.0,10580.0,6815.0,2649.0,2765.0,3098.0,2782.0,1895.0,2635.0
74,74,10916.0,4329.0,7086.0,592.0,5122.0,1142.0,4349.0,915.0,1676.0,703.0,733.0,60.0,2858.0,249.0,454.0,123.0,1257.0,663.0,884.0,57.0,535.0,309.0,2465.0,2205.0,944.0,278.0,538.0,82.0,1376.0,468.0,1194.0,142.0,1209.0,561.0,879.0,79.0,2475.0,431.0,2078.0,375.0,908.0,293.0,383.0,25.0,1129.0,116.0,326.0,55.0,590.0,380.0,535.0,18.0,231.0,90.0,776.0,1248.0,1160.0,313.0,669.0,140.0,131.0,80.0,268.0,10.0,25651.0,16887.0,4781.0,5310.0,4384.0,7859.0,4124.0,3669.0
75,75,10042.0,4308.0,6223.0,401.0,9622.0,3935.0,12453.0,3207.0,1909.0,1417.0,1457.0,51.0,4597.0,661.0,1107.0,208.0,643.0,527.0,859.0,17.0,1047.0,697.0,7812.0,7685.0,2015.0,649.0,1616.0,215.0,1280.0,640.0,1798.0,165.0,903.0,496.0,731.0,35.0,4594.0,1789.0,4969.0,1373.0,769.0,402.0,486.0,14.0,1652.0,203.0,356.0,51.0,287.0,356.0,662.0,9.0,483.0,228.0,2085.0,3922.0,1930.0,527.0,1305.0,304.0,59.0,47.0,490.0,16.0,23139.0,41942.0,6505.0,8835.0,3360.0,23959.0,8561.0,4495.0
76,76,13985.0,6639.0,15699.0,1446.0,5396.0,1830.0,5094.0,1435.0,3498.0,1566.0,1893.0,198.0,5185.0,639.0,1021.0,244.0,2496.0,1443.0,1822.0,174.0,382.0,247.0,1891.0,2635.0,1177.0,341.0,641.0,258.0,1085.0,553.0,1479.0,134.0,1653.0,877.0,1073.0,102.0,2388.0,673.0,1955.0,511.0,1525.0,550.0,776.0,101.0,2258.0,268.0,685.0,170.0,1385.0,1022.0,1174.0,60.0,125.0,67.0,485.0,1198.0,1296.0,359.0,829.0,624.0,88.0,75.0,202.0,11.0,41474.0,19282.0,10107.0,10470.0,9576.0,7030.0,5525.0,3627.0
77,77,18667.0,6676.0,12503.0,1398.0,6939.0,2067.0,5774.0,1672.0,3909.0,2067.0,1580.0,81.0,6652.0,783.0,1324.0,309.0,2387.0,1332.0,1579.0,111.0,423.0,220.0,2245.0,2795.0,2398.0,532.0,637.0,137.0,1386.0,560.0,1614.0,168.0,1739.0,904.0,912.0,96.0,3364.0,711.0,2280.0,496.0,1337.0,539.0,471.0,39.0,2763.0,340.0,763.0,145.0,1400.0,1110.0,1168.0,87.0,161.0,53.0,493.0,961.0,2568.0,449.0,826.0,354.0,115.0,100.0,306.0,12.0,42895.0,23303.0,10023.0,13079.0,9174.0,7351.0,7901.0,4261.0
78,78,19940.0,6750.0,11491.0,1049.0,13330.0,4041.0,9613.0,2892.0,4628.0,2256.0,1817.0,119.0,7546.0,890.0,1354.0,344.0,2253.0,1381.0,1552.0,101.0,1167.0,639.0,5902.0,7453.0,3732.0,725.0,968.0,295.0,2335.0,978.0,2273.0,349.0,1836.0,843.0,867.0,81.0,5761.0,1577.0,4228.0,1014.0,1855.0,673.0,539.0,40.0,2697.0,316.0,578.0,106.0,1377.0,962.0,1024.0,45.0,458.0,164.0,1737.0,3105.0,3616.0,576.0,1234.0,807.0,160.0,132.0,355.0,22.0,42857.0,42456.0,11927.0,13831.0,8695.0,20625.0,11953.0,6604.0
79,79,5009.0,2985.0,6966.0,728.0,1056.0,422.0,1075.0,267.0,824.0,403.0,390.0,32.0,1121.0,164.0,277.0,54.0,970.0,727.0,890.0,56.0,85.0,33.0,372.0,575.0,328.0,140.0,156.0,39.0,603.0,272.0,677.0,108.0,619.0,364.0,510.0,58.0,393.0,146.0,373.0,87.0,721.0,347.0,331.0,13.0,447.0,68.0,211.0,20.0,664.0,597.0,635.0,16.0,30.0,1.0,59.0,190.0,419.0,145.0,224.0,64.0,61.0,73.0,99.0,16.0,17239.0,3819.0,3061.0,2362.0,4555.0,1345.0,1515.0,1909.0
80,80,6407.0,3761.0,8532.0,765.0,1986.0,713.0,2141.0,443.0,914.0,395.0,455.0,37.0,1997.0,219.0,421.0,106.0,821.0,471.0,607.0,43.0,105.0,77.0,585.0,664.0,506.0,129.0,141.0,39.0,256.0,101.0,358.0,19.0,720.0,527.0,863.0,94.0,964.0,302.0,850.0,143.0,545.0,156.0,157.0,12.0,926.0,142.0,382.0,58.0,729.0,498.0,474.0,33.0,66.0,18.0,150.0,276.0,534.0,126.0,140.0,42.0,29.0,24.0,72.0,3.0,21669.0,7542.0,2671.0,4251.0,3676.0,1941.0,1657.0,862.0
81,81,4033.0,1899.0,3911.0,423.0,1331.0,432.0,1439.0,465.0,841.0,369.0,380.0,39.0,1164.0,195.0,284.0,98.0,609.0,398.0,422.0,32.0,200.0,93.0,665.0,897.0,794.0,162.0,190.0,56.0,1767.0,1158.0,2554.0,419.0,397.0,256.0,458.0,50.0,546.0,211.0,657.0,175.0,582.0,191.0,215.0,31.0,630.0,73.0,161.0,35.0,285.0,260.0,281.0,6.0,66.0,33.0,123.0,347.0,836.0,131.0,285.0,151.0,142.0,164.0,416.0,33.0,11427.0,5256.0,2648.0,2640.0,2293.0,2424.0,2605.0,6653.0
82,82,2906.0,1451.0,3003.0,328.0,933.0,241.0,821.0,246.0,622.0,235.0,242.0,29.0,965.0,130.0,265.0,76.0,478.0,316.0,305.0,29.0,98.0,49.0,425.0,468.0,228.0,49.0,53.0,13.0,1374.0,850.0,1660.0,289.0,524.0,236.0,323.0,39.0,439.0,110.0,329.0,87.0,336.0,128.0,158.0,13.0,501.0,78.0,136.0,35.0,282.0,206.0,179.0,3.0,30.0,8.0,93.0,161.0,258.0,59.0,58.0,8.0,118.0,155.0,212.0,27.0,8810.0,3206.0,1763.0,2186.0,1798.0,1332.0,726.0,4685.0
83,83,10090.0,3943.0,6083.0,696.0,5291.0,1384.0,4656.0,2286.0,2155.0,975.0,877.0,90.0,2961.0,346.0,544.0,204.0,2428.0,1362.0,1305.0,136.0,505.0,192.0,2014.0,4490.0,2688.0,314.0,796.0,203.0,2374.0,1044.0,2697.0,426.0,1039.0,457.0,699.0,81.0,2362.0,534.0,1980.0,899.0,807.0,276.0,391.0,44.0,1248.0,149.0,230.0,58.0,1027.0,601.0,813.0,66.0,194.0,51.0,524.0,2448.0,2620.0,314.0,1389.0,654.0,118.0,127.0,348.0,54.0,23088.0,19392.0,5615.0,5740.0,7738.0,10418.0,8978.0,7188.0
84,84,6019.0,2634.0,4086.0,412.0,2557.0,675.0,2314.0,782.0,908.0,496.0,446.0,28.0,1647.0,166.0,274.0,111.0,1403.0,753.0,787.0,51.0,125.0,85.0,879.0,1498.0,1138.0,143.0,237.0,87.0,990.0,466.0,1231.0,241.0,704.0,335.0,517.0,50.0,1112.0,240.0,974.0,381.0,561.0,153.0,239.0,20.0,655.0,68.0,186.0,48.0,678.0,411.0,547.0,24.0,37.0,14.0,248.0,730.0,1110.0,147.0,281.0,202.0,79.0,62.0,148.0,20.0,14757.0,9035.0,2851.0,3155.0,4654.0,3616.0,3345.0,3237.0
85,85,10776.0,5397.0,11382.0,1078.0,2245.0,800.0,2307.0,776.0,2668.0,1292.0,1495.0,193.0,1977.0,292.0,504.0,129.0,1755.0,1087.0,1296.0,100.0,162.0,65.0,781.0,1554.0,492.0,149.0,202.0,57.0,612.0,311.0,725.0,109.0,1293.0,589.0,798.0,65.0,775.0,257.0,842.0,259.0,2737.0,1241.0,1520.0,110.0,727.0,144.0,429.0,94.0,920.0,673.0,778.0,47.0,45.0,25.0,168.0,621.0,551.0,155.0,209.0,96.0,44.0,59.0,112.0,13.0,31378.0,8261.0,11256.0,4296.0,6656.0,3421.0,1911.0,1985.0
86,86,4796.0,2794.0,6788.0,756.0,1763.0,566.0,1544.0,441.0,1059.0,547.0,537.0,40.0,1447.0,188.0,350.0,67.0,944.0,643.0,854.0,74.0,130.0,87.0,481.0,711.0,973.0,180.0,364.0,151.0,354.0,211.0,748.0,104.0,629.0,462.0,815.0,90.0,754.0,251.0,701.0,172.0,427.0,180.0,242.0,19.0,623.0,93.0,308.0,54.0,490.0,492.0,598.0,27.0,50.0,15.0,121.0,286.0,1066.0,200.0,531.0,352.0,38.0,56.0,138.0,9.0,17130.0,6192.0,3051.0,3130.0,4122.0,1881.0,3817.0,1658.0
87,87,3764.0,1884.0,5025.0,529.0,1158.0,358.0,1145.0,375.0,1125.0,695.0,894.0,113.0,1214.0,153.0,313.0,77.0,1244.0,578.0,887.0,110.0,76.0,55.0,503.0,770.0,403.0,112.0,112.0,32.0,728.0,409.0,1197.0,187.0,479.0,245.0,541.0,52.0,606.0,178.0,544.0,144.0,605.0,336.0,457.0,46.0,792.0,119.0,359.0,51.0,708.0,387.0,527.0,28.0,44.0,12.0,94.0,295.0,508.0,159.0,142.0,91.0,76.0,72.0,201.0,18.0,12519.0,4508.0,4271.0,3078.0,4469.0,1849.0,1559.0,2888.0
88,88,3707.0,1943.0,4243.0,531.0,1485.0,351.0,1087.0,265.0,734.0,317.0,378.0,63.0,1356.0,184.0,333.0,117.0,403.0,285.0,328.0,41.0,33.0,31.0,279.0,458.0,401.0,75.0,71.0,21.0,201.0,82.0,256.0,29.0,481.0,294.0,447.0,37.0,1086.0,200.0,521.0,111.0,330.0,113.0,162.0,26.0,696.0,111.0,478.0,120.0,256.0,216.0,204.0,10.0,18.0,9.0,94.0,207.0,502.0,112.0,123.0,99.0,38.0,8.0,48.0,5.0,11683.0,5106.0,2123.0,3395.0,1743.0,1129.0,1404.0,667.0
89,89,3983.0,1722.0,3620.0,357.0,901.0,282.0,1042.0,296.0,592.0,277.0,208.0,22.0,963.0,125.0,164.0,75.0,308.0,247.0,287.0,18.0,64.0,43.0,283.0,450.0,567.0,119.0,138.0,100.0,387.0,211.0,495.0,54.0,420.0,192.0,431.0,50.0,457.0,134.0,431.0,120.0,328.0,117.0,111.0,17.0,508.0,48.0,151.0,73.0,157.0,139.0,169.0,6.0,20.0,17.0,80.0,164.0,594.0,102.0,394.0,695.0,48.0,27.0,98.0,9.0,10775.0,3663.0,1672.0,2107.0,1331.0,1121.0,2709.0,1329.0
90,90,1626.0,784.0,1796.0,193.0,321.0,136.0,435.0,140.0,236.0,122.0,89.0,8.0,822.0,73.0,86.0,26.0,207.0,183.0,178.0,20.0,25.0,26.0,157.0,176.0,295.0,38.0,99.0,20.0,55.0,24.0,98.0,7.0,266.0,107.0,148.0,19.0,164.0,51.0,192.0,29.0,92.0,48.0,36.0,2.0,481.0,28.0,24.0,12.0,78.0,78.0,79.0,3.0,13.0,4.0,47.0,80.0,310.0,28.0,96.0,11.0,7.0,5.0,8.0,,4939.0,1468.0,633.0,1552.0,826.0,528.0,897.0,204.0
91,91,17569.0,6321.0,10062.0,1073.0,6713.0,2286.0,6270.0,2221.0,3873.0,2075.0,1584.0,90.0,5787.0,679.0,1107.0,257.0,2660.0,1324.0,1534.0,114.0,349.0,229.0,2348.0,3231.0,3288.0,437.0,734.0,258.0,1526.0,798.0,2098.0,352.0,1284.0,668.0,881.0,90.0,3082.0,850.0,2555.0,716.0,1677.0,662.0,539.0,39.0,2345.0,272.0,506.0,84.0,1445.0,851.0,1083.0,67.0,128.0,52.0,566.0,1121.0,3325.0,454.0,1099.0,720.0,196.0,146.0,492.0,51.0,37948.0,24693.0,10539.0,11037.0,9078.0,8024.0,10315.0,5659.0
92,92,15808.0,5359.0,7709.0,630.0,14740.0,4548.0,12061.0,3169.0,3590.0,2010.0,1673.0,94.0,8134.0,755.0,1205.0,192.0,2002.0,1248.0,1097.0,84.0,1309.0,723.0,7401.0,6981.0,4185.0,707.0,1232.0,267.0,2670.0,1109.0,2298.0,244.0,1588.0,632.0,555.0,40.0,6742.0,1955.0,4558.0,1260.0,1239.0,522.0,464.0,56.0,2775.0,238.0,406.0,52.0,970.0,875.0,692.0,27.0,621.0,233.0,2143.0,3532.0,4264.0,615.0,1659.0,772.0,195.0,116.0,476.0,44.0,32321.0,49033.0,9648.0,13757.0,6995.0,22943.0,13701.0,7152.0
93,93,19637.0,7185.0,9790.0,681.0,4719.0,1054.0,3148.0,845.0,2494.0,1694.0,1067.0,46.0,5598.0,635.0,793.0,125.0,1627.0,1044.0,903.0,61.0,145.0,52.0,965.0,978.0,3432.0,407.0,601.0,156.0,1201.0,624.0,1277.0,133.0,1613.0,917.0,723.0,31.0,2755.0,445.0,1150.0,262.0,1204.0,477.0,313.0,16.0,2628.0,227.0,293.0,39.0,1296.0,855.0,758.0,38.0,69.0,14.0,178.0,309.0,3320.0,315.0,1317.0,883.0,226.0,186.0,290.0,21.0,40577.0,14378.0,7311.0,10338.0,6582.0,2710.0,10431.0,3958.0
94,94,14949.0,5279.0,8396.0,899.0,6482.0,2029.0,5606.0,1753.0,3082.0,1707.0,1427.0,70.0,4969.0,534.0,942.0,196.0,2131.0,1295.0,1319.0,94.0,330.0,163.0,2298.0,2798.0,3028.0,403.0,741.0,164.0,1270.0,563.0,1397.0,160.0,1285.0,606.0,650.0,56.0,2913.0,741.0,1998.0,609.0,1407.0,543.0,436.0,40.0,1992.0,189.0,355.0,75.0,1277.0,719.0,913.0,49.0,136.0,49.0,531.0,1066.0,3105.0,354.0,1196.0,568.0,108.0,55.0,298.0,33.0,32120.0,22131.0,8712.0,9252.0,7797.0,7371.0,9559.0,3884.0
95,95,18167.0,6441.0,10768.0,1008.0,5820.0,1681.0,4990.0,1653.0,3187.0,1768.0,1270.0,64.0,5285.0,577.0,992.0,250.0,1640.0,918.0,1050.0,78.0,403.0,196.0,2041.0,2860.0,3551.0,405.0,618.0,188.0,814.0,458.0,1171.0,172.0,1766.0,889.0,779.0,56.0,2893.0,649.0,2019.0,512.0,1311.0,525.0,432.0,28.0,2365.0,252.0,537.0,99.0,1030.0,750.0,693.0,35.0,155.0,55.0,497.0,1175.0,3649.0,357.0,1043.0,741.0,87.0,76.0,244.0,35.0,39874.0,20217.0,8585.0,10357.0,6194.0,7382.0,10552.0,3057.0
96,971,2885.0,2468.0,2458.0,558.0,1121.0,189.0,615.0,239.0,627.0,402.0,182.0,25.0,591.0,64.0,122.0,35.0,270.0,383.0,253.0,38.0,42.0,19.0,206.0,292.0,520.0,84.0,89.0,36.0,374.0,116.0,286.0,22.0,197.0,240.0,516.0,98.0,715.0,102.0,332.0,84.0,247.0,98.0,114.0,9.0,266.0,25.0,78.0,18.0,267.0,343.0,274.0,21.0,26.0,7.0,69.0,130.0,606.0,63.0,166.0,159.0,81.0,26.0,97.0,1.0,9420.0,3397.0,1704.0,1199.0,1849.0,791.0,1723.0,1003.0
97,972,2264.0,1658.0,2451.0,730.0,670.0,131.0,595.0,175.0,533.0,299.0,143.0,24.0,883.0,76.0,121.0,62.0,387.0,526.0,624.0,118.0,47.0,8.0,156.0,190.0,638.0,91.0,134.0,54.0,254.0,88.0,234.0,26.0,137.0,135.0,418.0,106.0,301.0,76.0,328.0,76.0,194.0,92.0,95.0,8.0,345.0,38.0,101.0,49.0,359.0,411.0,617.0,69.0,33.0,4.0,53.0,71.0,775.0,114.0,237.0,144.0,37.0,26.0,88.0,,7899.0,2352.0,1388.0,1675.0,3111.0,562.0,2187.0,753.0
98,973,1827.0,1666.0,1680.0,80.0,236.0,64.0,185.0,52.0,437.0,324.0,165.0,21.0,526.0,78.0,80.0,28.0,266.0,384.0,237.0,13.0,32.0,10.0,92.0,71.0,511.0,65.0,80.0,17.0,284.0,98.0,289.0,20.0,174.0,198.0,236.0,7.0,105.0,19.0,102.0,12.0,166.0,74.0,68.0,17.0,371.0,71.0,61.0,15.0,241.0,362.0,189.0,7.0,14.0,3.0,36.0,16.0,495.0,43.0,106.0,22.0,81.0,21.0,128.0,1.0,5868.0,775.0,1272.0,1230.0,1699.0,274.0,1339.0,922.0
99,974,6542.0,4760.0,6366.0,767.0,2569.0,607.0,2571.0,766.0,1340.0,650.0,468.0,42.0,1470.0,166.0,317.0,61.0,1367.0,969.0,992.0,82.0,249.0,71.0,927.0,968.0,1882.0,212.0,395.0,72.0,874.0,340.0,928.0,129.0,547.0,493.0,647.0,62.0,1358.0,305.0,1611.0,352.0,501.0,178.0,232.0,13.0,679.0,101.0,111.0,22.0,1163.0,737.0,785.0,26.0,106.0,13.0,353.0,456.0,2182.0,250.0,763.0,214.0,162.0,93.0,210.0,15.0,20184.0,10139.0,3424.0,2927.0,6121.0,3143.0,5970.0,2751.0
